respondent_id,age_group,current_plan,stated_intent_at_14_99,confidence
1,45-54,Basic,Stay,0.94
2,25-34,Basic,Unsure,0.5
3,35-44,Standard,Stay,0.63
4,45-54,Basic,Stay,0.44
5,35-44,Standard,Unsure,0.61
6,18-24,Standard,Stay,0.8
7,35-44,Standard,Unsure,0.89
8,18-24,Basic,Stay,0.86
9,45-54,Standard,Stay,0.67
10,45-54,Standard,Stay,0.71
11,45-54,Premium,Cancel,0.41
12,18-24,Standard,Stay,0.54
13,18-24,Standard,Unsure,0.51
14,25-34,Standard,Stay,0.58
15,55+,Standard,Cancel,0.47
16,35-44,Standard,Cancel,0.92
17,18-24,Standard,Stay,0.75
18,25-34,Standard,Unsure,0.77
19,25-34,Premium,Stay,0.89
20,18-24,Premium,Stay,0.55
21,25-34,Standard,Stay,0.66
22,25-34,Premium,Unsure,0.78
23,45-54,Basic,Stay,0.78
24,18-24,Premium,Unsure,0.88
25,45-54,Basic,Stay,0.91
26,25-34,Standard,Stay,0.41
27,25-34,Standard,Unsure,0.98
28,25-34,Standard,Stay,0.85
29,35-44,Standard,Cancel,0.5
30,35-44,Standard,Stay,0.48
31,35-44,Premium,Cancel,0.77
32,45-54,Standard,Stay,0.54
33,45-54,Standard,Stay,0.77
34,35-44,Standard,Stay,0.47
35,25-34,Premium,Unsure,0.67
36,35-44,Standard,Cancel,0.47
37,55+,Basic,Stay,0.64
38,25-34,Standard,Stay,0.73
39,35-44,Premium,Stay,0.73
40,25-34,Standard,Cancel,0.72
41,35-44,Standard,Stay,0.55
42,45-54,Standard,Cancel,0.83
43,35-44,Standard,Cancel,0.73
44,55+,Standard,Stay,0.47
45,18-24,Basic,Cancel,0.87
46,18-24,Premium,Cancel,0.56
47,45-54,Standard,Cancel,0.92
48,18-24,Basic,Unsure,0.84
49,35-44,Basic,Stay,0.7
50,35-44,Standard,Stay,0.89
51,35-44,Standard,Stay,0.63
52,35-44,Basic,Stay,0.95
53,25-34,Premium,Stay,0.76
54,18-24,Premium,Cancel,0.91
55,45-54,Basic,Stay,0.51
56,25-34,Standard,Stay,0.98
57,55+,Standard,Stay,0.71
58,25-34,Basic,Stay,0.78
59,35-44,Standard,Stay,0.66
60,35-44,Standard,Unsure,0.71
61,35-44,Standard,Cancel,0.87
62,45-54,Premium,Stay,0.57
63,45-54,Basic,Unsure,0.77
64,35-44,Premium,Unsure,0.77
65,25-34,Basic,Stay,0.51
66,25-34,Standard,Cancel,0.99
67,25-34,Standard,Stay,1.0
68,55+,Standard,Stay,0.62
69,45-54,Standard,Stay,0.89
70,35-44,Standard,Stay,0.51
71,35-44,Standard,Stay,0.78
72,55+,Standard,Unsure,0.41
73,25-34,Premium,Stay,0.92
74,25-34,Standard,Stay,0.59
75,55+,Basic,Stay,0.84
76,25-34,Standard,Stay,0.64
77,35-44,Standard,Unsure,0.56
78,35-44,Standard,Stay,0.69
79,45-54,Basic,Stay,0.65
80,25-34,Standard,Cancel,0.95
81,45-54,Standard,Stay,0.85
82,18-24,Basic,Cancel,0.77
83,45-54,Standard,Unsure,0.46
84,18-24,Standard,Stay,0.82
85,35-44,Standard,Unsure,0.45
86,35-44,Premium,Stay,0.93
87,35-44,Basic,Stay,0.56
88,45-54,Basic,Stay,0.72
89,35-44,Premium,Unsure,0.98
90,25-34,Standard,Stay,0.95
91,25-34,Premium,Stay,0.93
92,18-24,Basic,Cancel,0.4
93,25-34,Standard,Stay,0.57
94,25-34,Standard,Stay,0.52
95,25-34,Standard,Stay,0.43
96,18-24,Premium,Cancel,0.8
97,45-54,Premium,Unsure,0.77
98,35-44,Premium,Stay,0.95
99,55+,Premium,Unsure,0.59
100,35-44,Premium,Stay,0.48
101,35-44,Standard,Stay,0.71
102,45-54,Standard,Stay,0.48
103,35-44,Standard,Cancel,0.47
104,45-54,Basic,Stay,0.49
105,35-44,Standard,Stay,0.85
106,45-54,Standard,Cancel,0.93
107,45-54,Standard,Unsure,0.5
108,45-54,Standard,Stay,0.5
109,45-54,Basic,Cancel,0.76
110,45-54,Premium,Stay,0.68
111,25-34,Standard,Cancel,0.51
112,18-24,Standard,Stay,0.46
113,35-44,Premium,Cancel,0.66
114,25-34,Premium,Unsure,0.58
115,18-24,Standard,Stay,0.98
116,18-24,Standard,Unsure,0.95
117,55+,Basic,Stay,0.68
118,45-54,Standard,Cancel,0.77
119,35-44,Standard,Stay,0.43
120,18-24,Standard,Cancel,0.93
121,55+,Standard,Stay,0.95
122,35-44,Standard,Stay,0.82
123,55+,Standard,Stay,0.76
124,45-54,Premium,Stay,0.84
125,45-54,Premium,Stay,0.49
126,18-24,Standard,Stay,0.88
127,35-44,Basic,Stay,0.51
128,45-54,Standard,Stay,0.76
129,25-34,Basic,Stay,0.63
130,55+,Basic,Stay,0.8
131,18-24,Premium,Unsure,0.78
132,18-24,Premium,Cancel,0.59
133,45-54,Standard,Stay,0.92
134,45-54,Premium,Cancel,0.85
135,25-34,Standard,Stay,0.91
136,35-44,Premium,Cancel,0.44
137,45-54,Basic,Stay,0.64
138,25-34,Standard,Stay,0.75
139,45-54,Standard,Unsure,0.84
140,18-24,Standard,Stay,0.6
141,35-44,Standard,Unsure,0.7
142,25-34,Premium,Cancel,0.58
143,18-24,Basic,Stay,0.99
144,45-54,Standard,Stay,0.91
145,25-34,Standard,Stay,0.51
146,18-24,Standard,Stay,0.97
147,35-44,Standard,Cancel,0.59
148,45-54,Standard,Unsure,0.75
149,55+,Premium,Cancel,0.5
150,25-34,Premium,Cancel,0.42
151,25-34,Basic,Cancel,0.61
152,55+,Standard,Stay,0.83
153,25-34,Standard,Stay,0.98
154,55+,Standard,Cancel,0.56
155,25-34,Standard,Stay,0.79
156,45-54,Standard,Cancel,0.6
157,55+,Basic,Stay,0.61
158,35-44,Standard,Unsure,0.8
159,35-44,Standard,Unsure,0.46
160,25-34,Standard,Stay,0.46
161,25-34,Standard,Stay,0.81
162,35-44,Basic,Stay,0.81
163,35-44,Standard,Stay,0.61
164,45-54,Premium,Stay,0.68
165,45-54,Standard,Cancel,0.53
166,55+,Standard,Unsure,0.43
167,35-44,Standard,Cancel,0.5
168,25-34,Premium,Stay,0.76
169,18-24,Premium,Unsure,0.89
170,35-44,Standard,Unsure,0.45
171,45-54,Standard,Stay,0.67
172,18-24,Standard,Stay,0.65
173,25-34,Standard,Stay,0.44
174,25-34,Premium,Stay,0.68
175,35-44,Standard,Cancel,0.64
176,35-44,Premium,Unsure,0.4
177,35-44,Basic,Stay,0.85
178,45-54,Basic,Stay,0.87
179,35-44,Standard,Cancel,0.79
180,18-24,Standard,Cancel,0.54
181,45-54,Standard,Stay,0.81
182,35-44,Premium,Stay,0.59
183,35-44,Standard,Stay,0.52
184,55+,Standard,Stay,0.97
185,25-34,Standard,Stay,0.96
186,55+,Standard,Stay,0.97
187,18-24,Standard,Cancel,0.65
188,18-24,Premium,Stay,0.93
189,55+,Standard,Unsure,0.88
190,25-34,Standard,Stay,0.86
191,35-44,Standard,Stay,0.86
192,35-44,Standard,Stay,0.46
193,25-34,Standard,Cancel,0.62
194,35-44,Standard,Unsure,0.89
195,35-44,Standard,Cancel,0.67
196,25-34,Standard,Cancel,0.65
197,35-44,Premium,Stay,0.76
198,45-54,Standard,Stay,0.67
199,45-54,Standard,Stay,0.96
200,25-34,Premium,Stay,0.65
201,45-54,Standard,Stay,0.88
202,45-54,Standard,Stay,0.97
203,35-44,Premium,Stay,0.9
204,18-24,Premium,Stay,0.72
205,35-44,Standard,Cancel,0.8
206,45-54,Standard,Unsure,0.82
207,18-24,Standard,Stay,0.49
208,45-54,Standard,Stay,0.54
209,35-44,Standard,Stay,0.58
210,45-54,Standard,Unsure,0.74
211,55+,Basic,Unsure,1.0
212,45-54,Premium,Stay,0.7
213,18-24,Standard,Stay,0.99
214,35-44,Basic,Unsure,0.97
215,25-34,Standard,Cancel,0.62
216,18-24,Premium,Unsure,0.86
217,55+,Standard,Cancel,0.54
218,25-34,Basic,Unsure,0.86
219,25-34,Basic,Stay,0.48
220,55+,Premium,Unsure,0.42
221,35-44,Basic,Stay,0.73
222,45-54,Standard,Unsure,0.47
223,45-54,Premium,Stay,0.81
224,25-34,Standard,Stay,0.5
225,35-44,Premium,Cancel,0.6
226,18-24,Standard,Stay,0.68
227,25-34,Standard,Stay,0.61
228,25-34,Premium,Stay,0.86
229,35-44,Basic,Cancel,0.77
230,45-54,Standard,Stay,0.82
231,18-24,Standard,Stay,0.64
232,35-44,Standard,Stay,0.89
233,35-44,Basic,Cancel,0.81
234,25-34,Basic,Cancel,0.47
235,35-44,Basic,Stay,0.56
236,25-34,Standard,Unsure,0.59
237,35-44,Standard,Stay,0.57
238,35-44,Standard,Unsure,0.64
239,18-24,Standard,Stay,0.49
240,25-34,Basic,Stay,0.72
241,18-24,Standard,Unsure,0.59
242,18-24,Standard,Stay,0.83
243,35-44,Standard,Stay,0.57
244,25-34,Standard,Stay,0.74
245,18-24,Basic,Unsure,0.81
246,18-24,Standard,Cancel,0.86
247,18-24,Basic,Unsure,0.54
248,35-44,Basic,Stay,0.97
249,18-24,Standard,Cancel,0.85
250,18-24,Standard,Cancel,0.67
251,18-24,Basic,Stay,0.91
252,25-34,Premium,Stay,0.72
253,45-54,Premium,Cancel,0.73
254,45-54,Standard,Unsure,0.73
255,35-44,Premium,Cancel,0.69
256,35-44,Standard,Stay,0.99
257,45-54,Premium,Stay,0.64
258,55+,Standard,Stay,0.47
259,18-24,Basic,Unsure,0.67
260,35-44,Basic,Stay,0.53
261,18-24,Standard,Stay,0.92
262,35-44,Premium,Stay,0.78
263,25-34,Standard,Cancel,0.58
264,25-34,Premium,Cancel,0.46
265,35-44,Standard,Cancel,0.94
266,45-54,Standard,Stay,0.76
267,35-44,Standard,Stay,0.65
268,35-44,Standard,Stay,0.87
269,35-44,Standard,Unsure,0.63
270,35-44,Premium,Stay,0.76
271,55+,Basic,Stay,0.59
272,25-34,Standard,Stay,0.56
273,45-54,Standard,Stay,0.57
274,25-34,Standard,Stay,0.57
275,35-44,Basic,Cancel,0.61
276,18-24,Premium,Stay,0.84
277,25-34,Premium,Stay,0.68
278,45-54,Premium,Stay,1.0
279,25-34,Standard,Unsure,0.92
280,25-34,Basic,Stay,0.88
281,35-44,Standard,Cancel,0.73
282,25-34,Standard,Unsure,0.71
283,18-24,Standard,Stay,0.41
284,35-44,Premium,Stay,0.52
285,45-54,Standard,Stay,0.46
286,25-34,Premium,Stay,0.47
287,45-54,Standard,Stay,0.57
288,35-44,Standard,Unsure,0.45
289,25-34,Standard,Cancel,0.62
290,45-54,Standard,Stay,0.69
291,18-24,Premium,Cancel,0.79
292,18-24,Premium,Stay,0.62
293,18-24,Basic,Stay,0.71
294,35-44,Basic,Stay,0.88
295,55+,Standard,Stay,0.64
296,55+,Basic,Stay,0.91
297,45-54,Standard,Stay,0.58
298,55+,Standard,Stay,0.64
299,25-34,Basic,Stay,0.48
300,55+,Premium,Cancel,0.74
301,35-44,Standard,Stay,0.6
302,45-54,Basic,Unsure,0.65
303,18-24,Premium,Stay,0.47
304,55+,Standard,Stay,0.54
305,18-24,Basic,Cancel,0.72
306,18-24,Standard,Stay,0.93
307,35-44,Standard,Cancel,0.55
308,18-24,Standard,Cancel,0.49
309,35-44,Standard,Cancel,0.43
310,45-54,Standard,Stay,0.92
311,55+,Premium,Stay,0.44
312,18-24,Basic,Unsure,0.81
313,35-44,Standard,Stay,0.61
314,25-34,Standard,Cancel,0.72
315,25-34,Standard,Cancel,0.88
316,35-44,Standard,Stay,0.82
317,18-24,Standard,Unsure,0.71
318,35-44,Standard,Stay,0.79
319,18-24,Standard,Stay,0.43
320,25-34,Standard,Cancel,0.84
321,45-54,Basic,Stay,0.58
322,45-54,Premium,Cancel,0.9
323,25-34,Standard,Stay,0.73
324,25-34,Standard,Stay,0.43
325,18-24,Basic,Stay,0.54
326,25-34,Premium,Cancel,0.79
327,18-24,Standard,Stay,0.55
328,45-54,Standard,Stay,0.45
329,45-54,Standard,Stay,0.46
330,35-44,Basic,Unsure,0.48
331,18-24,Standard,Cancel,0.58
332,35-44,Standard,Stay,0.53
333,25-34,Standard,Unsure,0.5
334,35-44,Standard,Cancel,0.93
335,45-54,Standard,Stay,0.48
336,45-54,Premium,Stay,0.73
337,18-24,Standard,Stay,0.91
338,25-34,Standard,Cancel,0.64
339,25-34,Premium,Stay,0.51
340,45-54,Premium,Cancel,0.7
341,55+,Premium,Stay,0.83
342,35-44,Premium,Stay,0.86
343,45-54,Basic,Stay,0.97
344,18-24,Premium,Cancel,0.52
345,45-54,Standard,Cancel,0.49
346,45-54,Standard,Cancel,0.49
347,35-44,Basic,Stay,0.67
348,25-34,Standard,Cancel,0.94
349,35-44,Basic,Cancel,0.87
350,25-34,Basic,Unsure,0.77
351,45-54,Basic,Cancel,0.99
352,55+,Standard,Stay,0.82
353,35-44,Standard,Stay,0.49
354,45-54,Standard,Stay,0.53
355,35-44,Standard,Stay,0.46
356,45-54,Premium,Stay,0.78
357,35-44,Standard,Stay,0.97
358,25-34,Basic,Unsure,0.93
359,25-34,Standard,Stay,0.54
360,45-54,Standard,Stay,0.61
361,45-54,Premium,Cancel,0.45
362,18-24,Standard,Cancel,0.4
363,45-54,Basic,Stay,0.75
364,25-34,Standard,Unsure,0.98
365,25-34,Standard,Stay,0.49
366,18-24,Basic,Unsure,0.96
367,25-34,Standard,Cancel,0.58
368,35-44,Premium,Stay,0.56
369,55+,Standard,Stay,0.59
370,55+,Premium,Stay,0.51
371,18-24,Premium,Stay,0.4
372,35-44,Basic,Stay,0.57
373,25-34,Basic,Unsure,0.77
374,18-24,Premium,Unsure,0.91
375,18-24,Standard,Stay,0.56
376,45-54,Premium,Stay,0.59
377,18-24,Standard,Stay,0.75
378,35-44,Standard,Stay,0.99
379,18-24,Premium,Cancel,0.62
380,35-44,Standard,Unsure,0.4
381,35-44,Basic,Stay,0.55
382,25-34,Standard,Stay,0.49
383,25-34,Premium,Unsure,0.7
384,25-34,Premium,Stay,0.82
385,45-54,Standard,Stay,0.71
386,45-54,Basic,Unsure,0.77
387,55+,Standard,Stay,0.49
388,35-44,Standard,Cancel,0.75
389,35-44,Standard,Unsure,0.58
390,35-44,Standard,Stay,0.46
391,18-24,Premium,Stay,0.95
392,18-24,Standard,Unsure,0.74
393,35-44,Standard,Stay,0.63
394,18-24,Standard,Cancel,0.51
395,25-34,Basic,Unsure,0.49
396,55+,Standard,Stay,0.81
397,25-34,Standard,Stay,0.41
398,35-44,Standard,Stay,0.41
399,55+,Standard,Stay,0.43
400,25-34,Standard,Stay,0.42
401,25-34,Standard,Stay,0.77
402,18-24,Standard,Stay,0.94
403,45-54,Basic,Unsure,0.94
404,25-34,Standard,Stay,0.53
405,35-44,Standard,Stay,0.8
406,18-24,Premium,Cancel,0.68
407,45-54,Basic,Unsure,0.46
408,25-34,Standard,Stay,0.42
409,45-54,Standard,Cancel,0.97
410,35-44,Premium,Stay,0.64
411,25-34,Premium,Unsure,0.78
412,35-44,Premium,Stay,0.69
413,25-34,Premium,Stay,0.43
414,45-54,Basic,Stay,0.61
415,35-44,Standard,Stay,0.98
416,55+,Standard,Stay,0.56
417,35-44,Premium,Stay,0.59
418,18-24,Standard,Stay,0.75
419,35-44,Standard,Unsure,0.4
420,35-44,Standard,Stay,0.54
421,35-44,Standard,Unsure,0.87
422,25-34,Standard,Stay,0.41
423,35-44,Basic,Cancel,0.9
424,18-24,Standard,Stay,0.58
425,25-34,Standard,Stay,0.44
426,25-34,Standard,Stay,0.95
427,25-34,Premium,Stay,0.72
428,35-44,Standard,Cancel,0.86
429,35-44,Premium,Stay,0.47
430,35-44,Basic,Unsure,0.9
431,35-44,Basic,Stay,1.0
432,18-24,Standard,Stay,0.81
433,25-34,Standard,Stay,0.49
434,18-24,Premium,Cancel,0.46
435,35-44,Standard,Stay,0.6
436,35-44,Standard,Unsure,0.89
437,35-44,Standard,Cancel,0.49
438,35-44,Standard,Cancel,0.77
439,25-34,Premium,Cancel,0.73
440,35-44,Standard,Cancel,0.5
441,55+,Standard,Stay,0.9
442,25-34,Standard,Stay,0.45
443,25-34,Premium,Stay,0.41
444,55+,Standard,Stay,0.46
445,35-44,Premium,Stay,0.68
446,35-44,Standard,Stay,0.62
447,35-44,Standard,Stay,0.49
448,25-34,Standard,Unsure,0.68
449,25-34,Premium,Stay,0.62
450,45-54,Basic,Stay,0.64
451,25-34,Standard,Unsure,0.93
452,45-54,Standard,Unsure,0.85
453,45-54,Standard,Stay,0.58
454,35-44,Standard,Cancel,0.66
455,35-44,Standard,Stay,0.79
456,25-34,Standard,Unsure,0.45
457,35-44,Standard,Stay,0.85
458,25-34,Standard,Stay,0.49
459,25-34,Premium,Stay,0.75
460,18-24,Standard,Unsure,0.41
461,35-44,Standard,Stay,0.49
462,55+,Basic,Unsure,0.95
463,25-34,Standard,Stay,0.54
464,45-54,Standard,Stay,0.74
465,35-44,Premium,Stay,0.82
466,45-54,Standard,Cancel,0.42
467,25-34,Standard,Stay,0.51
468,18-24,Standard,Stay,0.91
469,25-34,Standard,Cancel,0.59
470,35-44,Standard,Cancel,0.87
471,35-44,Standard,Cancel,0.77
472,18-24,Standard,Unsure,0.71
473,45-54,Premium,Stay,0.41
474,35-44,Standard,Stay,0.86
475,18-24,Premium,Stay,0.75
476,25-34,Basic,Cancel,0.86
477,35-44,Basic,Stay,0.76
478,25-34,Standard,Unsure,0.82
479,35-44,Standard,Stay,0.47
480,35-44,Standard,Stay,0.67
481,25-34,Standard,Stay,0.45
482,18-24,Standard,Stay,0.53
483,25-34,Standard,Unsure,0.81
484,45-54,Premium,Stay,0.45
485,25-34,Standard,Stay,0.45
486,25-34,Standard,Stay,0.65
487,18-24,Premium,Stay,0.58
488,45-54,Basic,Stay,0.76
489,45-54,Basic,Unsure,0.75
490,55+,Basic,Stay,0.69
491,25-34,Standard,Stay,0.53
492,18-24,Basic,Cancel,0.82
493,25-34,Premium,Stay,0.92
494,45-54,Basic,Cancel,0.6
495,55+,Standard,Stay,0.41
496,25-34,Basic,Stay,0.92
497,25-34,Premium,Cancel,0.48
498,55+,Standard,Unsure,0.88
499,18-24,Basic,Stay,0.45
500,25-34,Standard,Stay,0.51
501,25-34,Standard,Unsure,0.77
502,25-34,Standard,Stay,0.67
503,25-34,Standard,Cancel,0.98
504,45-54,Standard,Stay,0.73
505,35-44,Standard,Stay,0.59
506,25-34,Standard,Stay,0.43
507,35-44,Standard,Stay,0.85
508,45-54,Basic,Stay,0.42
509,18-24,Standard,Stay,0.51
510,35-44,Standard,Stay,0.47
511,55+,Standard,Stay,0.4
512,35-44,Standard,Stay,0.97
513,25-34,Standard,Cancel,0.88
514,35-44,Standard,Stay,0.8
515,35-44,Standard,Stay,0.95
516,25-34,Standard,Stay,0.8
517,25-34,Premium,Stay,0.71
518,55+,Standard,Stay,0.66
519,55+,Standard,Unsure,0.97
520,55+,Basic,Unsure,0.54
521,35-44,Standard,Stay,0.65
522,25-34,Standard,Stay,0.76
523,25-34,Standard,Stay,0.5
524,35-44,Premium,Stay,0.44
525,25-34,Standard,Cancel,0.97
526,45-54,Premium,Unsure,0.44
527,25-34,Standard,Stay,0.73
528,25-34,Standard,Stay,0.6
529,55+,Standard,Cancel,0.95
530,55+,Standard,Cancel,0.55
531,25-34,Standard,Stay,0.84
532,18-24,Standard,Stay,0.9
533,25-34,Standard,Stay,0.48
534,35-44,Standard,Unsure,0.64
535,18-24,Standard,Stay,0.41
536,25-34,Standard,Unsure,0.66
537,35-44,Premium,Cancel,0.6
538,45-54,Standard,Stay,0.83
539,25-34,Basic,Cancel,0.47
540,25-34,Premium,Stay,0.74
541,35-44,Basic,Cancel,0.43
542,18-24,Basic,Stay,0.57
543,35-44,Premium,Cancel,0.45
544,25-34,Standard,Stay,0.63
545,45-54,Premium,Cancel,0.56
546,25-34,Standard,Stay,0.99
547,55+,Premium,Cancel,0.64
548,35-44,Basic,Cancel,0.86
549,25-34,Standard,Unsure,0.56
550,18-24,Standard,Stay,0.4
551,35-44,Basic,Stay,0.43
552,35-44,Standard,Unsure,0.87
553,18-24,Standard,Stay,0.6
554,45-54,Premium,Stay,0.94
555,18-24,Standard,Stay,0.86
556,45-54,Standard,Stay,0.83
557,25-34,Premium,Cancel,0.98
558,35-44,Premium,Stay,0.57
559,18-24,Basic,Stay,0.54
560,25-34,Standard,Stay,0.98
561,55+,Premium,Stay,0.7
562,45-54,Basic,Stay,0.96
563,25-34,Standard,Stay,0.48
564,45-54,Standard,Stay,0.96
565,25-34,Basic,Stay,1.0
566,25-34,Premium,Cancel,0.65
567,55+,Premium,Cancel,0.78
568,25-34,Standard,Stay,0.79
569,35-44,Standard,Cancel,0.71
570,18-24,Premium,Cancel,0.91
571,18-24,Premium,Cancel,0.53
572,35-44,Standard,Stay,0.79
573,25-34,Standard,Stay,0.59
574,25-34,Standard,Cancel,0.78
575,45-54,Premium,Stay,0.64
576,18-24,Premium,Cancel,0.71
577,18-24,Basic,Stay,0.43
578,18-24,Standard,Unsure,0.63
579,25-34,Standard,Stay,0.64
580,25-34,Standard,Cancel,0.79
581,45-54,Standard,Cancel,0.46
582,45-54,Basic,Stay,0.51
583,18-24,Standard,Unsure,0.91
584,45-54,Premium,Stay,0.43
585,55+,Basic,Stay,0.66
586,35-44,Standard,Cancel,0.97
587,25-34,Standard,Stay,0.84
588,25-34,Standard,Stay,0.53
589,35-44,Standard,Cancel,0.83
590,18-24,Basic,Stay,0.4
591,25-34,Premium,Cancel,0.85
592,25-34,Premium,Stay,0.67
593,45-54,Standard,Stay,0.44
594,45-54,Standard,Stay,0.41
595,25-34,Standard,Stay,0.57
596,25-34,Standard,Cancel,0.91
597,35-44,Premium,Unsure,0.41
598,25-34,Standard,Stay,0.43
599,45-54,Standard,Unsure,0.64
600,18-24,Standard,Stay,0.76
601,45-54,Basic,Stay,0.89
602,25-34,Basic,Stay,0.74
603,35-44,Basic,Unsure,0.65
604,45-54,Premium,Cancel,0.97
605,35-44,Standard,Unsure,0.71
606,25-34,Premium,Stay,0.69
607,18-24,Basic,Stay,0.92
608,25-34,Standard,Stay,0.78
609,45-54,Premium,Stay,0.85
610,25-34,Standard,Cancel,0.87
611,55+,Standard,Stay,0.55
612,55+,Standard,Stay,0.49
613,45-54,Basic,Stay,0.5
614,25-34,Standard,Stay,0.58
615,25-34,Premium,Stay,0.68
616,35-44,Standard,Stay,0.6
617,25-34,Standard,Stay,0.49
618,25-34,Standard,Cancel,0.49
619,45-54,Premium,Stay,0.43
620,45-54,Standard,Stay,0.92
621,35-44,Standard,Unsure,0.63
622,35-44,Standard,Stay,0.59
623,35-44,Standard,Cancel,0.61
624,18-24,Standard,Stay,0.55
625,25-34,Basic,Cancel,0.7
626,25-34,Premium,Cancel,0.44
627,35-44,Premium,Stay,0.9
628,18-24,Standard,Stay,0.48
629,18-24,Standard,Stay,0.88
630,25-34,Standard,Stay,0.83
631,25-34,Standard,Stay,0.46
632,35-44,Basic,Stay,0.87
633,25-34,Standard,Stay,0.66
634,25-34,Basic,Cancel,0.79
635,25-34,Standard,Cancel,0.44
636,25-34,Basic,Stay,0.99
637,55+,Basic,Cancel,0.89
638,35-44,Premium,Stay,0.63
639,35-44,Standard,Unsure,0.6
640,35-44,Basic,Stay,0.64
641,25-34,Premium,Stay,0.59
642,25-34,Standard,Unsure,0.8
643,45-54,Standard,Stay,0.71
644,55+,Standard,Stay,0.77
645,35-44,Standard,Stay,0.84
646,35-44,Premium,Stay,0.96
647,18-24,Standard,Unsure,0.41
648,25-34,Standard,Stay,0.57
649,35-44,Premium,Stay,0.62
650,25-34,Standard,Stay,0.62
651,25-34,Basic,Cancel,0.75
652,35-44,Basic,Stay,0.55
653,45-54,Standard,Unsure,0.97
654,25-34,Basic,Stay,0.68
655,18-24,Basic,Cancel,0.54
656,35-44,Standard,Cancel,0.72
657,18-24,Standard,Cancel,0.67
658,25-34,Premium,Stay,0.91
659,25-34,Standard,Stay,0.93
660,55+,Basic,Stay,0.87
661,18-24,Standard,Stay,0.62
662,35-44,Standard,Stay,0.64
663,25-34,Standard,Cancel,0.48
664,18-24,Premium,Stay,0.73
665,18-24,Basic,Unsure,0.82
666,35-44,Basic,Stay,0.72
667,18-24,Premium,Stay,0.77
668,18-24,Standard,Unsure,0.62
669,25-34,Standard,Stay,0.61
670,25-34,Premium,Cancel,0.82
671,25-34,Basic,Stay,0.83
672,25-34,Basic,Stay,0.93
673,35-44,Premium,Cancel,0.4
674,45-54,Standard,Stay,0.87
675,25-34,Basic,Unsure,0.93
676,25-34,Basic,Stay,0.84
677,35-44,Standard,Stay,0.92
678,25-34,Standard,Stay,0.75
679,25-34,Standard,Stay,0.88
680,25-34,Standard,Stay,0.66
681,25-34,Standard,Unsure,0.94
682,55+,Standard,Unsure,0.54
683,35-44,Standard,Cancel,0.51
684,35-44,Premium,Stay,0.97
685,45-54,Basic,Stay,0.83
686,55+,Standard,Stay,0.66
687,55+,Standard,Stay,0.68
688,25-34,Basic,Stay,0.46
689,25-34,Standard,Stay,0.67
690,25-34,Standard,Unsure,0.79
691,45-54,Premium,Stay,0.61
692,35-44,Standard,Stay,0.87
693,25-34,Standard,Stay,0.9
694,25-34,Standard,Stay,0.84
695,35-44,Standard,Stay,0.47
696,18-24,Premium,Unsure,0.85
697,25-34,Standard,Cancel,0.78
698,45-54,Basic,Stay,0.8
699,45-54,Standard,Stay,0.53
700,35-44,Standard,Cancel,0.75
701,35-44,Basic,Unsure,0.46
702,35-44,Premium,Unsure,0.45
703,18-24,Standard,Stay,0.65
704,45-54,Standard,Stay,0.74
705,18-24,Basic,Unsure,0.46
706,35-44,Premium,Stay,0.77
707,18-24,Basic,Unsure,0.57
708,25-34,Basic,Unsure,0.48
709,25-34,Standard,Stay,0.52
710,35-44,Standard,Unsure,0.86
711,25-34,Premium,Stay,0.63
712,45-54,Premium,Unsure,0.78
713,35-44,Standard,Cancel,0.73
714,35-44,Premium,Stay,0.44
715,18-24,Premium,Stay,0.72
716,45-54,Premium,Cancel,0.94
717,45-54,Basic,Cancel,0.45
718,18-24,Standard,Stay,0.64
719,35-44,Standard,Stay,0.82
720,35-44,Basic,Stay,0.56
721,45-54,Basic,Cancel,0.57
722,35-44,Basic,Stay,0.64
723,25-34,Standard,Cancel,0.73
724,35-44,Basic,Cancel,0.61
725,25-34,Standard,Stay,0.75
726,35-44,Standard,Unsure,0.55
727,35-44,Basic,Cancel,0.84
728,25-34,Premium,Cancel,0.65
729,25-34,Premium,Cancel,0.92
730,45-54,Premium,Stay,0.57
731,18-24,Standard,Stay,0.46
732,35-44,Basic,Stay,0.68
733,18-24,Standard,Stay,0.45
734,35-44,Standard,Stay,0.55
735,45-54,Standard,Stay,0.89
736,35-44,Standard,Stay,0.75
737,25-34,Standard,Stay,0.65
738,45-54,Basic,Stay,0.67
739,45-54,Premium,Cancel,0.58
740,25-34,Standard,Stay,0.79
741,55+,Standard,Stay,0.41
742,18-24,Standard,Unsure,0.62
743,35-44,Premium,Stay,0.92
744,35-44,Standard,Unsure,0.68
745,18-24,Premium,Cancel,0.61
746,25-34,Premium,Unsure,0.66
747,35-44,Standard,Stay,0.62
748,25-34,Standard,Stay,0.62
749,45-54,Standard,Stay,0.75
750,25-34,Basic,Cancel,0.66
751,25-34,Premium,Stay,0.69
752,35-44,Premium,Cancel,0.58
753,25-34,Basic,Stay,0.54
754,25-34,Standard,Cancel,0.55
755,35-44,Basic,Stay,0.54
756,25-34,Premium,Cancel,0.67
757,25-34,Basic,Unsure,0.8
758,35-44,Premium,Unsure,0.69
759,45-54,Standard,Stay,0.66
760,25-34,Standard,Cancel,0.68
761,35-44,Standard,Unsure,0.52
762,35-44,Standard,Stay,0.7
763,25-34,Standard,Cancel,0.57
764,18-24,Standard,Stay,0.7
765,35-44,Standard,Cancel,0.9
766,35-44,Basic,Cancel,0.71
767,25-34,Standard,Cancel,0.45
768,18-24,Premium,Cancel,0.5
769,18-24,Premium,Stay,0.55
770,18-24,Basic,Stay,0.59
771,25-34,Standard,Stay,0.53
772,18-24,Premium,Stay,0.4
773,18-24,Premium,Stay,0.64
774,45-54,Standard,Stay,0.59
775,45-54,Basic,Cancel,0.87
776,18-24,Standard,Stay,0.76
777,35-44,Standard,Stay,0.51
778,35-44,Premium,Unsure,0.56
779,25-34,Standard,Stay,0.6
780,35-44,Standard,Unsure,0.51
781,18-24,Basic,Cancel,0.66
782,55+,Basic,Stay,0.59
783,25-34,Premium,Cancel,0.64
784,18-24,Standard,Stay,0.73
785,25-34,Premium,Stay,0.6
786,35-44,Basic,Stay,0.58
787,25-34,Basic,Cancel,0.46
788,55+,Premium,Stay,0.75
789,18-24,Basic,Stay,0.94
790,18-24,Standard,Stay,0.6
791,25-34,Premium,Stay,0.78
792,55+,Standard,Stay,0.62
793,35-44,Standard,Cancel,0.72
794,18-24,Premium,Stay,0.99
795,25-34,Standard,Stay,0.61
796,35-44,Standard,Unsure,0.49
797,35-44,Standard,Stay,0.54
798,55+,Premium,Stay,0.91
799,55+,Standard,Stay,0.65
800,35-44,Basic,Cancel,0.46
801,25-34,Premium,Stay,0.65
802,35-44,Standard,Cancel,0.75
803,35-44,Standard,Stay,0.72
804,25-34,Standard,Stay,0.46
805,45-54,Premium,Stay,0.73
806,45-54,Basic,Stay,1.0
807,35-44,Standard,Stay,0.46
808,18-24,Standard,Stay,0.72
809,18-24,Standard,Stay,0.54
810,55+,Standard,Stay,0.96
811,18-24,Premium,Stay,0.6
812,45-54,Standard,Cancel,0.5
813,35-44,Premium,Stay,0.54
814,55+,Premium,Unsure,0.57
815,45-54,Standard,Stay,0.75
816,45-54,Basic,Stay,0.96
817,35-44,Standard,Cancel,0.43
818,45-54,Premium,Cancel,0.99
819,35-44,Premium,Stay,0.46
820,25-34,Standard,Stay,0.89
821,35-44,Standard,Stay,0.66
822,45-54,Standard,Stay,0.69
823,55+,Standard,Stay,0.89
824,35-44,Basic,Stay,0.89
825,25-34,Basic,Stay,0.91
826,45-54,Standard,Stay,0.55
827,25-34,Standard,Stay,0.4
828,45-54,Standard,Cancel,0.96
829,45-54,Standard,Cancel,0.58
830,45-54,Standard,Stay,0.46
831,35-44,Standard,Stay,0.73
832,25-34,Basic,Stay,0.99
833,18-24,Standard,Cancel,1.0
834,45-54,Standard,Stay,0.67
835,25-34,Basic,Stay,0.6
836,25-34,Standard,Stay,0.82
837,45-54,Standard,Stay,0.58
838,45-54,Standard,Cancel,0.45
839,18-24,Basic,Stay,0.56
840,35-44,Basic,Cancel,0.73
841,45-54,Premium,Unsure,0.89
842,45-54,Premium,Unsure,0.93
843,55+,Standard,Stay,0.61
844,25-34,Premium,Stay,0.86
845,55+,Basic,Unsure,0.57
846,18-24,Premium,Stay,0.51
847,18-24,Basic,Cancel,0.49
848,18-24,Premium,Stay,0.41
849,25-34,Basic,Stay,0.86
850,35-44,Standard,Stay,0.91
851,25-34,Standard,Stay,0.86
852,55+,Standard,Cancel,0.83
853,55+,Premium,Stay,0.46
854,45-54,Standard,Unsure,0.58
855,25-34,Basic,Stay,0.99
856,18-24,Standard,Cancel,0.65
857,25-34,Standard,Unsure,0.97
858,35-44,Standard,Cancel,0.82
859,35-44,Premium,Stay,0.95
860,35-44,Standard,Stay,0.62
861,45-54,Premium,Stay,0.49
862,25-34,Standard,Cancel,0.72
863,25-34,Basic,Stay,0.61
864,55+,Standard,Stay,0.98
865,18-24,Basic,Unsure,0.95
866,45-54,Standard,Cancel,0.45
867,35-44,Standard,Stay,0.57
868,45-54,Standard,Cancel,0.75
869,45-54,Standard,Stay,0.43
870,25-34,Premium,Stay,0.46
871,55+,Standard,Cancel,0.79
872,55+,Standard,Cancel,0.99
873,18-24,Standard,Stay,0.71
874,25-34,Premium,Unsure,0.66
875,45-54,Premium,Stay,0.87
876,18-24,Standard,Stay,0.69
877,45-54,Standard,Cancel,0.9
878,18-24,Standard,Stay,0.46
879,35-44,Basic,Unsure,0.82
880,18-24,Standard,Stay,0.54
881,45-54,Basic,Stay,0.99
882,45-54,Basic,Stay,0.82
883,25-34,Standard,Cancel,0.95
884,35-44,Standard,Stay,0.77
885,45-54,Standard,Stay,0.87
886,35-44,Standard,Stay,0.43
887,25-34,Standard,Stay,0.59
888,35-44,Standard,Cancel,0.48
889,25-34,Standard,Stay,0.89
890,45-54,Basic,Stay,0.62
891,25-34,Standard,Unsure,0.61
892,45-54,Premium,Stay,0.52
893,25-34,Basic,Cancel,0.87
894,45-54,Basic,Stay,0.43
895,18-24,Standard,Cancel,0.4
896,25-34,Basic,Unsure,0.68
897,18-24,Standard,Stay,0.71
898,18-24,Standard,Cancel,0.85
899,35-44,Standard,Stay,0.61
900,35-44,Basic,Stay,0.77
901,18-24,Standard,Cancel,0.75
902,35-44,Premium,Cancel,0.48
903,35-44,Standard,Stay,0.88
904,25-34,Standard,Unsure,0.67
905,25-34,Standard,Stay,0.62
906,45-54,Basic,Stay,0.58
907,35-44,Standard,Stay,0.6
908,35-44,Basic,Stay,0.96
909,25-34,Standard,Stay,0.71
910,25-34,Premium,Stay,0.94
911,18-24,Standard,Unsure,0.69
912,55+,Basic,Stay,0.54
913,18-24,Basic,Stay,0.42
914,25-34,Standard,Unsure,0.58
915,25-34,Standard,Stay,0.42
916,45-54,Premium,Unsure,0.93
917,18-24,Basic,Stay,0.44
918,35-44,Standard,Stay,0.86
919,25-34,Standard,Cancel,0.9
920,45-54,Standard,Stay,0.53
921,45-54,Standard,Unsure,0.49
922,18-24,Standard,Unsure,0.4
923,35-44,Premium,Stay,0.77
924,25-34,Standard,Unsure,0.84
925,35-44,Premium,Cancel,0.5
926,35-44,Standard,Stay,0.95
927,35-44,Premium,Stay,0.81
928,45-54,Basic,Stay,0.94
929,35-44,Premium,Stay,0.67
930,25-34,Premium,Stay,0.69
931,25-34,Standard,Unsure,0.76
932,25-34,Standard,Cancel,0.75
933,45-54,Standard,Stay,0.83
934,45-54,Standard,Stay,0.86
935,18-24,Standard,Cancel,0.94
936,25-34,Basic,Cancel,0.72
937,18-24,Standard,Cancel,0.49
938,18-24,Standard,Stay,0.85
939,35-44,Basic,Cancel,0.78
940,45-54,Standard,Cancel,0.49
941,25-34,Standard,Unsure,0.42
942,25-34,Standard,Unsure,0.97
943,35-44,Standard,Unsure,0.89
944,25-34,Basic,Stay,0.99
945,25-34,Basic,Unsure,0.89
946,35-44,Standard,Stay,0.91
947,25-34,Standard,Unsure,0.48
948,25-34,Standard,Stay,0.86
949,25-34,Standard,Cancel,0.61
950,25-34,Standard,Unsure,0.66
951,25-34,Standard,Stay,0.43
952,25-34,Basic,Unsure,0.81
953,25-34,Premium,Stay,0.47
954,25-34,Standard,Unsure,0.73
955,45-54,Basic,Stay,0.93
956,45-54,Standard,Unsure,0.71
957,45-54,Basic,Unsure,0.53
958,45-54,Standard,Stay,0.47
959,18-24,Standard,Unsure,0.64
960,25-34,Standard,Cancel,0.98
961,25-34,Basic,Stay,0.81
962,35-44,Premium,Unsure,0.54
963,45-54,Basic,Cancel,0.45
964,25-34,Standard,Stay,0.94
965,45-54,Standard,Stay,0.92
966,25-34,Standard,Stay,0.97
967,45-54,Standard,Stay,0.84
968,25-34,Standard,Stay,0.55
969,25-34,Standard,Cancel,0.83
970,35-44,Standard,Cancel,0.53
971,25-34,Standard,Unsure,0.53
972,55+,Standard,Unsure,0.71
973,25-34,Standard,Stay,0.7
974,18-24,Premium,Stay,0.9
975,45-54,Basic,Unsure,0.76
976,25-34,Standard,Stay,0.96
977,55+,Standard,Stay,0.96
978,25-34,Premium,Cancel,0.93
979,25-34,Premium,Stay,0.41
980,45-54,Basic,Stay,0.56
981,25-34,Standard,Cancel,0.67
982,25-34,Premium,Stay,0.9
983,35-44,Premium,Stay,0.91
984,18-24,Standard,Stay,0.89
985,25-34,Standard,Unsure,0.95
986,25-34,Basic,Stay,0.91
987,25-34,Standard,Unsure,0.83
988,45-54,Standard,Cancel,0.88
989,55+,Standard,Stay,0.98
990,25-34,Standard,Stay,0.48
991,35-44,Standard,Stay,1.0
992,25-34,Standard,Stay,0.53
993,25-34,Standard,Stay,0.98
994,25-34,Premium,Cancel,0.87
995,25-34,Basic,Stay,0.62
996,45-54,Standard,Cancel,0.6
997,25-34,Standard,Cancel,0.61
998,55+,Standard,Stay,0.8
999,55+,Premium,Stay,0.89
1000,45-54,Standard,Cancel,0.87
1001,45-54,Standard,Stay,0.43
1002,25-34,Standard,Stay,0.91
1003,18-24,Basic,Unsure,0.63
1004,25-34,Basic,Unsure,0.42
1005,55+,Basic,Cancel,0.92
1006,18-24,Basic,Stay,0.88
1007,35-44,Standard,Stay,0.62
1008,25-34,Basic,Stay,0.74
1009,45-54,Basic,Stay,0.49
1010,25-34,Standard,Stay,0.92
1011,45-54,Standard,Stay,0.84
1012,55+,Standard,Stay,0.86
1013,25-34,Basic,Stay,0.7
1014,18-24,Standard,Stay,0.64
1015,25-34,Premium,Stay,0.72
1016,45-54,Basic,Stay,0.95
1017,25-34,Standard,Cancel,0.61
1018,35-44,Basic,Stay,0.74
1019,25-34,Standard,Stay,0.71
1020,45-54,Premium,Cancel,0.85
1021,45-54,Standard,Cancel,0.76
1022,25-34,Standard,Stay,0.61
1023,25-34,Basic,Cancel,0.76
1024,35-44,Basic,Stay,0.88
1025,18-24,Standard,Stay,0.9
1026,25-34,Standard,Stay,0.67
1027,55+,Basic,Cancel,0.95
1028,25-34,Standard,Stay,0.61
1029,45-54,Standard,Stay,0.57
1030,25-34,Basic,Cancel,0.48
1031,35-44,Standard,Unsure,0.72
1032,55+,Premium,Stay,0.95
1033,25-34,Standard,Unsure,0.64
1034,18-24,Basic,Stay,0.65
1035,35-44,Standard,Cancel,0.64
1036,35-44,Standard,Stay,0.92
1037,18-24,Premium,Cancel,0.63
1038,25-34,Standard,Unsure,0.55
1039,55+,Standard,Stay,0.49
1040,25-34,Standard,Stay,0.78
1041,35-44,Standard,Stay,0.64
1042,18-24,Standard,Cancel,0.76
1043,45-54,Standard,Stay,0.98
1044,55+,Standard,Stay,0.47
1045,55+,Basic,Cancel,0.66
1046,45-54,Standard,Cancel,0.66
1047,35-44,Basic,Stay,0.53
1048,55+,Basic,Stay,0.76
1049,35-44,Standard,Unsure,0.56
1050,25-34,Standard,Stay,0.91
1051,55+,Standard,Stay,0.97
1052,45-54,Premium,Stay,0.52
1053,25-34,Standard,Cancel,0.79
1054,55+,Standard,Stay,0.4
1055,35-44,Standard,Stay,0.83
1056,25-34,Standard,Stay,0.75
1057,25-34,Basic,Cancel,0.65
1058,45-54,Premium,Stay,0.92
1059,25-34,Premium,Stay,0.58
1060,45-54,Premium,Stay,0.8
1061,35-44,Standard,Unsure,0.48
1062,45-54,Premium,Stay,0.7
1063,35-44,Standard,Stay,0.59
1064,18-24,Standard,Unsure,0.9
1065,45-54,Standard,Stay,0.47
1066,55+,Standard,Unsure,0.64
1067,25-34,Standard,Unsure,1.0
1068,25-34,Standard,Cancel,0.61
1069,25-34,Basic,Stay,0.48
1070,45-54,Basic,Cancel,0.76
1071,45-54,Basic,Stay,0.59
1072,45-54,Standard,Unsure,0.46
1073,25-34,Standard,Cancel,0.47
1074,45-54,Standard,Stay,0.48
1075,25-34,Standard,Unsure,0.41
1076,18-24,Standard,Stay,0.91
1077,35-44,Premium,Stay,0.77
1078,18-24,Basic,Stay,0.94
1079,25-34,Premium,Stay,0.85
1080,45-54,Standard,Unsure,0.83
1081,18-24,Standard,Unsure,0.43
1082,35-44,Basic,Stay,0.58
1083,55+,Basic,Stay,0.47
1084,45-54,Basic,Cancel,0.72
1085,45-54,Standard,Cancel,0.69
1086,18-24,Basic,Cancel,0.61
1087,25-34,Standard,Stay,0.62
1088,25-34,Standard,Stay,0.58
1089,45-54,Standard,Unsure,0.59
1090,18-24,Standard,Stay,0.5
1091,35-44,Standard,Stay,0.76
1092,18-24,Standard,Cancel,1.0
1093,25-34,Standard,Unsure,0.71
1094,45-54,Basic,Stay,0.54
1095,18-24,Standard,Stay,0.76
1096,25-34,Standard,Stay,0.45
1097,35-44,Basic,Stay,0.79
1098,35-44,Standard,Cancel,0.85
1099,45-54,Standard,Unsure,0.77
1100,35-44,Basic,Stay,0.91
1101,35-44,Premium,Stay,0.45
1102,25-34,Premium,Stay,0.49
1103,45-54,Premium,Unsure,0.84
1104,45-54,Standard,Stay,0.96
1105,18-24,Basic,Stay,0.91
1106,25-34,Premium,Stay,0.53
1107,55+,Premium,Stay,0.65
1108,25-34,Basic,Cancel,0.87
1109,45-54,Basic,Unsure,0.59
1110,55+,Standard,Stay,0.46
1111,45-54,Premium,Cancel,0.45
1112,25-34,Standard,Stay,0.83
1113,35-44,Standard,Stay,0.88
1114,25-34,Premium,Cancel,0.8
1115,25-34,Basic,Stay,0.73
1116,55+,Standard,Cancel,0.57
1117,45-54,Premium,Stay,0.63
1118,45-54,Standard,Stay,0.69
1119,25-34,Basic,Stay,0.58
1120,45-54,Standard,Stay,0.84
1121,45-54,Standard,Stay,0.61
1122,18-24,Standard,Stay,0.62
1123,25-34,Basic,Cancel,0.91
1124,25-34,Standard,Unsure,0.83
1125,45-54,Standard,Stay,0.77
1126,25-34,Premium,Unsure,0.58
1127,25-34,Premium,Stay,0.71
1128,25-34,Standard,Stay,0.79
1129,25-34,Standard,Cancel,0.85
1130,18-24,Standard,Unsure,0.59
1131,35-44,Standard,Stay,0.69
1132,25-34,Standard,Unsure,0.92
1133,35-44,Standard,Stay,0.44
1134,25-34,Standard,Stay,0.81
1135,55+,Standard,Stay,0.76
1136,35-44,Standard,Stay,0.97
1137,35-44,Standard,Stay,0.83
1138,18-24,Standard,Stay,0.5
1139,45-54,Standard,Stay,0.62
1140,18-24,Premium,Stay,0.58
1141,45-54,Standard,Cancel,0.9
1142,18-24,Standard,Stay,0.7
1143,35-44,Standard,Stay,0.86
1144,35-44,Basic,Stay,0.96
1145,35-44,Standard,Stay,0.54
1146,55+,Basic,Stay,0.73
1147,18-24,Standard,Stay,0.75
1148,25-34,Premium,Cancel,0.66
1149,25-34,Premium,Cancel,0.58
1150,25-34,Basic,Stay,0.41
1151,35-44,Standard,Cancel,0.61
1152,55+,Basic,Stay,0.64
1153,18-24,Basic,Cancel,0.64
1154,18-24,Basic,Stay,0.45
1155,45-54,Basic,Stay,0.44
1156,35-44,Basic,Stay,0.88
1157,18-24,Premium,Stay,0.74
1158,25-34,Standard,Cancel,0.96
1159,25-34,Basic,Stay,0.43
1160,25-34,Basic,Stay,0.99
1161,45-54,Standard,Unsure,0.8
1162,55+,Standard,Stay,0.9
1163,35-44,Standard,Stay,0.73
1164,45-54,Standard,Stay,0.96
1165,18-24,Basic,Cancel,0.96
1166,45-54,Basic,Stay,0.85
1167,35-44,Basic,Stay,0.78
1168,45-54,Standard,Unsure,0.9
1169,35-44,Standard,Stay,0.77
1170,25-34,Basic,Stay,0.49
1171,35-44,Standard,Stay,0.71
1172,45-54,Standard,Stay,0.42
1173,45-54,Standard,Stay,0.72
1174,35-44,Standard,Unsure,0.5
1175,45-54,Premium,Cancel,0.91
1176,25-34,Standard,Unsure,0.86
1177,35-44,Standard,Unsure,0.85
1178,45-54,Standard,Cancel,0.41
1179,55+,Standard,Unsure,0.91
1180,25-34,Standard,Cancel,0.55
1181,25-34,Premium,Stay,0.74
1182,25-34,Standard,Unsure,0.6
1183,18-24,Standard,Stay,0.97
1184,35-44,Standard,Cancel,0.93
1185,55+,Standard,Cancel,0.43
1186,25-34,Basic,Stay,0.74
1187,35-44,Standard,Stay,0.78
1188,45-54,Premium,Cancel,0.59
1189,35-44,Standard,Stay,0.6
1190,18-24,Standard,Cancel,0.78
1191,25-34,Basic,Cancel,0.87
1192,45-54,Standard,Stay,0.63
1193,18-24,Standard,Cancel,0.79
1194,18-24,Standard,Cancel,0.68
1195,25-34,Standard,Unsure,0.7
1196,25-34,Standard,Stay,0.44
1197,25-34,Standard,Stay,0.78
1198,45-54,Basic,Stay,0.61
1199,35-44,Standard,Stay,0.93
1200,45-54,Standard,Stay,0.81
1201,25-34,Premium,Stay,0.79
1202,45-54,Standard,Cancel,0.94
1203,18-24,Standard,Stay,0.51
1204,45-54,Premium,Unsure,0.55
1205,18-24,Standard,Stay,0.96
1206,45-54,Standard,Cancel,0.57
1207,55+,Standard,Stay,0.44
1208,18-24,Standard,Stay,0.82
1209,18-24,Standard,Stay,0.67
1210,35-44,Standard,Stay,0.83
1211,55+,Basic,Stay,0.6
1212,45-54,Basic,Stay,0.41
1213,35-44,Premium,Stay,0.82
1214,45-54,Basic,Stay,0.7
1215,25-34,Standard,Stay,0.97
1216,35-44,Premium,Stay,0.55
1217,18-24,Basic,Stay,0.81
1218,55+,Standard,Stay,0.52
1219,45-54,Premium,Cancel,0.9
1220,35-44,Standard,Stay,0.53
1221,25-34,Standard,Stay,0.8
1222,25-34,Basic,Stay,1.0
1223,55+,Basic,Stay,0.59
1224,25-34,Standard,Stay,0.82
1225,25-34,Standard,Stay,0.87
1226,25-34,Standard,Unsure,0.78
1227,25-34,Premium,Stay,0.67
1228,45-54,Standard,Stay,0.82
1229,45-54,Standard,Stay,0.62
1230,25-34,Standard,Stay,0.87
1231,55+,Standard,Unsure,0.52
1232,18-24,Premium,Stay,0.58
1233,18-24,Standard,Stay,0.82
1234,25-34,Standard,Stay,0.76
1235,25-34,Standard,Cancel,0.97
1236,45-54,Premium,Cancel,0.5
1237,25-34,Standard,Cancel,0.47
1238,18-24,Standard,Stay,0.65
1239,25-34,Standard,Cancel,0.88
1240,18-24,Standard,Unsure,0.47
1241,25-34,Basic,Unsure,0.75
1242,25-34,Basic,Stay,0.79
1243,55+,Basic,Cancel,0.62
1244,18-24,Basic,Unsure,0.85
1245,25-34,Basic,Stay,0.46
1246,35-44,Premium,Unsure,0.62
1247,35-44,Standard,Stay,0.45
1248,25-34,Standard,Unsure,0.76
1249,25-34,Standard,Unsure,0.6
1250,45-54,Standard,Stay,0.53
1251,25-34,Standard,Stay,0.58
1252,35-44,Standard,Unsure,0.87
1253,45-54,Basic,Unsure,0.62
1254,25-34,Basic,Cancel,0.49
1255,25-34,Basic,Stay,0.64
1256,35-44,Standard,Stay,0.65
1257,18-24,Standard,Stay,0.49
1258,25-34,Standard,Cancel,0.98
1259,25-34,Standard,Cancel,0.82
1260,18-24,Premium,Stay,0.99
1261,25-34,Standard,Cancel,0.61
1262,35-44,Standard,Stay,0.6
1263,25-34,Standard,Stay,0.8
1264,55+,Premium,Stay,0.67
1265,45-54,Basic,Unsure,0.82
1266,45-54,Standard,Stay,0.5
1267,45-54,Standard,Stay,0.62
1268,18-24,Standard,Stay,0.41
1269,45-54,Premium,Stay,0.69
1270,35-44,Standard,Stay,0.7
1271,25-34,Standard,Cancel,0.92
1272,18-24,Standard,Stay,0.45
1273,45-54,Premium,Cancel,0.57
1274,45-54,Standard,Unsure,0.5
1275,25-34,Standard,Stay,0.8
1276,45-54,Standard,Stay,0.78
1277,25-34,Basic,Stay,0.77
1278,45-54,Premium,Unsure,0.68
1279,18-24,Standard,Stay,0.63
1280,55+,Standard,Stay,0.9
1281,25-34,Standard,Stay,0.76
1282,18-24,Standard,Stay,0.44
1283,55+,Standard,Stay,0.62
1284,45-54,Basic,Stay,0.54
1285,25-34,Premium,Stay,0.56
1286,25-34,Standard,Unsure,0.68
1287,25-34,Standard,Unsure,0.57
1288,25-34,Basic,Stay,0.84
1289,25-34,Standard,Stay,0.72
1290,25-34,Premium,Stay,0.84
1291,35-44,Basic,Unsure,0.41
1292,45-54,Standard,Cancel,0.54
1293,25-34,Standard,Cancel,0.87
1294,55+,Standard,Stay,0.69
1295,35-44,Standard,Cancel,0.66
1296,25-34,Standard,Stay,0.75
1297,45-54,Standard,Cancel,0.41
1298,35-44,Standard,Cancel,0.67
1299,35-44,Standard,Stay,0.92
1300,45-54,Standard,Stay,0.68
1301,25-34,Basic,Stay,0.49
1302,25-34,Premium,Stay,0.57
1303,18-24,Standard,Stay,0.72
1304,45-54,Standard,Stay,0.84
1305,25-34,Basic,Unsure,0.72
1306,18-24,Standard,Stay,0.61
1307,35-44,Standard,Cancel,0.7
1308,35-44,Standard,Stay,0.87
1309,35-44,Basic,Cancel,0.75
1310,25-34,Basic,Stay,0.77
1311,18-24,Basic,Stay,0.7
1312,35-44,Basic,Unsure,0.59
1313,45-54,Standard,Cancel,0.57
1314,45-54,Premium,Stay,0.99
1315,35-44,Basic,Cancel,0.65
1316,55+,Standard,Unsure,0.75
1317,25-34,Basic,Cancel,0.98
1318,45-54,Standard,Stay,0.51
1319,18-24,Standard,Stay,0.9
1320,55+,Premium,Stay,0.74
1321,55+,Premium,Stay,0.63
1322,45-54,Premium,Stay,0.92
1323,45-54,Standard,Unsure,0.82
1324,25-34,Standard,Cancel,0.57
1325,45-54,Basic,Cancel,0.74
1326,45-54,Basic,Stay,0.54
1327,25-34,Basic,Unsure,0.69
1328,45-54,Standard,Stay,0.58
1329,55+,Premium,Cancel,0.83
1330,45-54,Basic,Stay,0.49
1331,25-34,Standard,Unsure,0.49
1332,18-24,Premium,Cancel,0.6
1333,55+,Premium,Stay,0.87
1334,35-44,Basic,Unsure,0.91
1335,45-54,Standard,Cancel,0.69
1336,35-44,Standard,Cancel,0.68
1337,35-44,Premium,Stay,0.46
1338,45-54,Standard,Stay,0.47
1339,18-24,Premium,Stay,0.97
1340,18-24,Standard,Unsure,0.63
1341,55+,Basic,Stay,0.41
1342,55+,Basic,Stay,0.86
1343,45-54,Standard,Stay,0.99
1344,18-24,Standard,Stay,0.5
1345,25-34,Basic,Stay,0.45
1346,35-44,Standard,Stay,0.4
1347,25-34,Standard,Stay,0.96
1348,35-44,Standard,Stay,0.48
1349,25-34,Premium,Stay,0.87
1350,55+,Premium,Stay,0.6
1351,45-54,Premium,Unsure,0.91
1352,45-54,Standard,Stay,0.67
1353,45-54,Standard,Cancel,0.59
1354,45-54,Basic,Stay,0.63
1355,25-34,Standard,Unsure,0.47
1356,35-44,Premium,Stay,0.86
1357,25-34,Standard,Stay,0.57
1358,35-44,Premium,Cancel,0.91
1359,55+,Standard,Stay,0.45
1360,35-44,Premium,Stay,0.43
1361,45-54,Standard,Stay,0.85
1362,55+,Standard,Stay,0.74
1363,35-44,Standard,Cancel,0.54
1364,45-54,Standard,Stay,0.96
1365,55+,Basic,Cancel,0.69
1366,35-44,Standard,Stay,0.55
1367,45-54,Premium,Stay,0.61
1368,25-34,Basic,Stay,0.92
1369,18-24,Basic,Stay,0.65
1370,35-44,Standard,Unsure,0.75
1371,45-54,Basic,Stay,0.45
1372,35-44,Basic,Unsure,0.56
1373,18-24,Standard,Stay,0.8
1374,45-54,Basic,Unsure,0.87
1375,45-54,Standard,Unsure,0.96
1376,35-44,Basic,Stay,0.88
1377,55+,Standard,Stay,0.74
1378,25-34,Standard,Stay,0.76
1379,45-54,Basic,Stay,0.81
1380,18-24,Standard,Stay,0.85
1381,25-34,Premium,Stay,0.42
1382,45-54,Standard,Stay,0.86
1383,35-44,Standard,Stay,0.46
1384,25-34,Basic,Stay,0.85
1385,35-44,Standard,Unsure,0.87
1386,35-44,Premium,Unsure,0.71
1387,25-34,Premium,Cancel,0.43
1388,35-44,Basic,Unsure,0.57
1389,25-34,Standard,Unsure,0.52
1390,35-44,Standard,Stay,0.82
1391,18-24,Premium,Stay,0.76
1392,35-44,Premium,Stay,0.55
1393,35-44,Premium,Stay,0.66
1394,25-34,Standard,Stay,0.51
1395,35-44,Premium,Unsure,0.65
1396,18-24,Standard,Stay,0.94
1397,35-44,Standard,Cancel,0.87
1398,25-34,Premium,Cancel,0.88
1399,25-34,Standard,Stay,0.52
1400,55+,Standard,Unsure,0.6
1401,18-24,Premium,Cancel,0.92
1402,35-44,Standard,Stay,0.68
1403,18-24,Basic,Cancel,0.5
1404,35-44,Standard,Stay,0.65
1405,55+,Premium,Unsure,0.48
1406,45-54,Basic,Stay,0.8
1407,45-54,Standard,Stay,0.61
1408,55+,Standard,Cancel,0.84
1409,55+,Standard,Stay,0.56
1410,45-54,Standard,Stay,0.91
1411,18-24,Premium,Stay,0.72
1412,55+,Standard,Stay,0.54
1413,25-34,Standard,Stay,0.59
1414,25-34,Standard,Cancel,0.69
1415,55+,Standard,Stay,0.88
1416,55+,Premium,Stay,0.68
1417,25-34,Standard,Cancel,0.78
1418,55+,Standard,Stay,0.85
1419,45-54,Premium,Stay,0.69
1420,35-44,Standard,Cancel,0.83
1421,25-34,Standard,Stay,0.4
1422,35-44,Standard,Unsure,0.59
1423,18-24,Standard,Stay,0.97
1424,35-44,Premium,Stay,0.57
1425,18-24,Premium,Stay,0.97
1426,45-54,Standard,Stay,0.87
1427,18-24,Standard,Stay,0.43
1428,35-44,Standard,Stay,0.58
1429,35-44,Basic,Stay,0.95
1430,45-54,Premium,Unsure,0.45
1431,35-44,Standard,Stay,0.86
1432,35-44,Standard,Cancel,0.89
1433,55+,Standard,Stay,0.66
1434,35-44,Standard,Stay,0.51
1435,18-24,Standard,Stay,0.93
1436,25-34,Standard,Stay,0.55
1437,25-34,Premium,Unsure,0.82
1438,18-24,Standard,Stay,0.74
1439,45-54,Standard,Stay,0.99
1440,25-34,Standard,Cancel,0.53
1441,35-44,Standard,Stay,0.67
1442,35-44,Basic,Stay,0.6
1443,45-54,Standard,Unsure,0.98
1444,25-34,Standard,Stay,0.73
1445,45-54,Standard,Cancel,0.94
1446,35-44,Basic,Stay,0.46
1447,25-34,Standard,Stay,0.41
1448,25-34,Premium,Stay,0.94
1449,35-44,Basic,Stay,0.78
1450,45-54,Standard,Stay,0.82
1451,45-54,Premium,Cancel,0.85
1452,18-24,Basic,Stay,0.51
1453,25-34,Standard,Unsure,0.76
1454,35-44,Premium,Stay,0.86
1455,45-54,Standard,Unsure,0.72
1456,25-34,Premium,Stay,0.97
1457,18-24,Standard,Cancel,0.81
1458,25-34,Premium,Stay,0.89
1459,18-24,Basic,Stay,0.75
1460,45-54,Standard,Stay,0.42
1461,35-44,Standard,Unsure,0.56
1462,45-54,Basic,Stay,0.9
1463,45-54,Standard,Stay,0.75
1464,55+,Standard,Stay,0.8
1465,35-44,Premium,Unsure,0.84
1466,35-44,Standard,Unsure,1.0
1467,25-34,Basic,Cancel,0.88
1468,45-54,Standard,Stay,0.55
1469,35-44,Premium,Cancel,0.82
1470,35-44,Premium,Unsure,0.5
1471,18-24,Standard,Stay,0.56
1472,35-44,Standard,Stay,0.58
1473,45-54,Standard,Unsure,0.68
1474,35-44,Premium,Unsure,0.58
1475,35-44,Standard,Stay,0.57
1476,25-34,Standard,Stay,0.51
1477,18-24,Standard,Unsure,0.49
1478,25-34,Basic,Stay,0.85
1479,25-34,Premium,Stay,0.44
1480,35-44,Basic,Stay,0.96
1481,55+,Standard,Unsure,0.56
1482,35-44,Standard,Stay,0.46
1483,35-44,Standard,Stay,0.43
1484,18-24,Premium,Stay,0.66
1485,25-34,Standard,Stay,0.85
1486,45-54,Standard,Stay,0.53
1487,25-34,Basic,Stay,0.77
1488,35-44,Basic,Unsure,0.47
1489,18-24,Premium,Unsure,0.56
1490,55+,Basic,Unsure,0.48
1491,18-24,Standard,Stay,0.74
1492,25-34,Standard,Stay,0.59
1493,25-34,Basic,Stay,0.92
1494,55+,Basic,Cancel,0.41
1495,25-34,Basic,Unsure,0.98
1496,45-54,Standard,Stay,0.8
1497,35-44,Premium,Stay,0.65
1498,25-34,Standard,Stay,0.45
1499,35-44,Standard,Cancel,0.62
1500,25-34,Standard,Stay,0.57
